key,chosen_name,chosen_source,chosen_system,rejected
adasdrvadasdrivingecu,ADAS_DRV(ADASDrivingECU),auto,ADAS_DRV,"ADAS_DRV (ADAS Driving ECU)[company_db]=ADAS_DRV,LDC,LDWS"
adasprkadasparkingecu,ADAS_PRK(ADASParkingECU),auto,"ADAS_PRK,ADAS_PRK_MCU","ADAS_PRK (ADAS Parking ECU)[company_db]=ADAS_PRK,PTG"
ahsactivehoodsystem,AHS(ActiveHoodSystem),auto,AHS,"AHS (Active Hood System)[company_db]=AHS,FCU"
bcm,BCM,company_db,"AVN,IBU-BCM,SCM","BCM 비통신사양[company_db]=BCM,VDC"
bdcbodydomaincontroller,BDC(BodyDomainController),auto,"BDC-BCM,BDC-IAU,BDC-IMMO,BDC-SMK,BDC-TPMS",BDC (Body Domain Controller)[company_db]=BDC-IAU
bltncambuiltincam,BLTN_CAM(Built-inCam),auto,BLTN_CAM,"BLTN_CAM (Built-in Cam)[company_db]=BLTN_CAM,ILCU-LH"
ccucentralcommunicationunit,CCU(CentralCommunicationUnit),auto,"CCU_CGW,CCU_CCNF,CCU2","CCU (Central Communication Unit)[company_db]=AEB,CCU_CGW"
daudriverdoorareaunit,DAU(DriverDoorAreaUnit),auto,"DAU,DDM","DAU (Driver Door Area Unit)[company_db]=AT,AVM"
dcudataconnectivityunit,DCU(DataConnectivityUnit),auto,DCU,"DCU (Data Connectivity Unit)[company_db]=DCU,SAS"
dhsdoorhandlesensormodule,DHS(DoorHandleSensorModule),auto,"DHS_FL,DHS_FR","DHS (Door Handle Sensor Module)[company_db]=DHS_FL,ENGINE"
dsmdigitalsidemirror,DSM(DigitalSideMirror),auto,"DSM_L,DSM_R","DSM (Digital Side Mirror)[company_db]=BSD,DSM_L"
eshift29bit,E-shift(29bit),auto,"ESHIFTER,ESHIFTER (SBW),ESHIFTER_BS",E-Shift (29bit)[company_db]=PRAC
esuethernetswitchunit,ESU(EthernetSwitchUnit),auto,ESU,"ESU (Ethernet Switch Unit)[company_db]=ESU,SCU"
fpmfingerprintmodule,FPM(FingerPrintModule),auto,FPM,"FPM (Fingerprint Module)[company_db]=ADAS_DRV2_M,FPM"
frufacerecognitionunit,FRU(FaceRecognitionUnit),auto,FRU,"FRU (Face Recognition Unit)[company_db]=FRU,SVMS"
frcmrfrontviewcamera,FR_CMR(FrontViewCamera),auto,"FR_CMR,LDWS,MFC","FR_CMR (Front View Camera)[company_db]=FR_CMR,RDC"
frrdrfrontradar,FR_RDR(FrontRadar),auto,FR_RADAR,"FR_RDR (Front Radar)[company_db]=FR_RADAR,SCC"
fmcufrontmotorcontrolunit,F_MCU(FrontMotorControlUnit,auto,"MCU_F,MCU",F_MCU (Front Motor Control Unit)[company_db]=MCU_F
hodhandsondetection,HoD(HandsOnDetection),auto,HOD,"HOD (Hands On Detection)[company_db]=FPD,HOD,RWPC"
ibuintegratedbodyunit,IBU(IntegratedBodyUnit,auto,"IBU-BCM,IBU-IMMO,IBU-SMK,IBU-TPMS","IBU (Integrated Body Unit)[company_db]=IBU-IMMO,PSM"
imsintegratedmemorysystem,IMS(IntegratedMemorySystem),auto,"APSM,PSM,RLPSM,RRPSM,SCM,IMS",IMS (Integrated Memory System)[company_db]=SCM
lbmlithiumbatterymodule,LBM(LithiumBatteryModule),auto,P_LBM,LBM (Lithium Battery Module)[company_db]=MCA
mfswmultifunctionswitch,MFSW(MultifunctionSwitch),manual,MFSW,"MFSW (Multifunction Switch)[company_db]=MCU,MFSW,SMK"
obconboardcharger,OBC(OnBoardCharger),auto,OBC,"OBC (On Board Charger)[company_db]=OBC,PCM"
omswoutsidemirrorswitch,OMSW(OutsideMirrorSwitch),manual,OMSW,"OMSW (Outside Mirror Switch)[company_db]=IPM,OMSW"
pdcpowernetdomaincontroller,PDC(PowernetDomainController),auto,PDC,"PDC(Powernet Domain Controller)[company_db]=ADAS_DRV,PDC"
psbpresafeseatbelt,PSB(PreSafeSeatbelt),auto,"PSB,PSB-L,PSB-R","PSB (Pre Safe Seatbelt)[company_db]=AHLS,PSB,PSB-L"
ptgmpowertailgatemodule,PTGM(PowerTailGateModule),auto,"PTG,PTM","PTGM (Power Tail Gate Module)[company_db]=ADAS_PRK,PTG"
ptmpowertrunkmodule,PTM(PowerTrunkModule),auto,"PTG,PTM",PTM (Power Trunk Module)[company_db]=PTM
rdcreardoorcurtain,RDC(RearDoorCurtain),auto,RDC,"RDC (Rear Door Curtain)[company_db]=FR_CMR,RDC"
roarearoccupantalert,ROA(RearOccupantAlert),auto,"ROA,ROA_M,ROA_S","ROA (Rear Occupant Alert)[company_db]=BCM,HSWS,IPM,ROA"
rrcrdrrearcornerradar,RR_C_RDR(RearCornerRadar),auto,"C_RADAR,RR_C_RADAR,RR_C_RADAR_L,RR_C_RADAR_R","RR_C_RDR (Rear Corner Radar)[company_db]=RR_C_RADAR_L,RWS"
rwsrearwheelsteering,RWS(RearWheelSteering),auto,RWS,"RWS (Rear Wheel Steering)[company_db]=RR_C_RADAR_L,RWS"
scusbwcontrolunit,SCU(SBWControlUnit),auto,SCU,"SCU (SBW Control Unit)[company_db]=ESU,SCU"
seatsystem,SeatSystem,auto,"3RD_PSU,ALBCU,APSS,APSU,APSU,DLBCU,DPSS,DPSU,DPSU,LUGG_PSS,RLMSS,RLMSU,RLPSS,RLPSU,RLPSU,RRMSS,RRMSU,RRPSS,RRPSU,RRPSU,SHVU-3RD,SHVU-F,SHVU-R,SHVU-R",Seat System[company_db]=MCU_F
tcutransmissioncontrolunit,TCU(TransmissionControlUnit),auto,"AT,CVT,AMT,IMT,DCT",TCU (Transmission Control Unit)[company_db]=AT
vcuvehiclecontrolunit,VCU(VehicleControlUnit),auto,VCU,"VCU (Vehicle Control Unit)[company_db]=AIRBAG,CGW,TPMS,VCU"
vessvirtualenginesoundsystem,VESS(VirtualEngineSoundSystem),auto,VESS,"VESS (Virtual Engine Sound System)[company_db]=AHB,VESS"
wpcwirelesspowercharger,WPC(WirelessPowerCharger),auto,"WPC,RWPC","WPC (Wireless Power Charger)[company_db]=IAP,WPC"
